text,label,pre_labeled,source
"The reason Tottenham have failed to win trophies despite top-4 finishes and elite attacking players is squad depth in key positions. Data on squad depth: clubs that win league titles average 16–18 players with >1000 minutes. Tottenham have consistently had 11–13. Their first XI quality is top 4; their squad depth is top 8. In a 38-game season, that gap is decisive.",analysis,True,synthetic
"Raphinha at Barca outperforms his xG by approximately 0.12 per shot. That's a significant overperformance that usually regresses. But looking at his shot selection — predominantly low and across the keeper from the right channel — suggests he has a repeatable technique advantage for that specific shot type. It may be a genuine skill, not noise.",analysis,True,synthetic
"Haaland's movement in the penalty area is essentially a one-trick but it's the best trick in football: arrive late, hit the back post area, first-time finish. His first-time finish conversion rate is 0.31 goals per attempt. Average striker first-time conversion: 0.11. The specialization is extreme; the execution is elite.",analysis,True,synthetic
"Ball progression metrics show that Pedri is in the 97th percentile for progressive passes per 90 among midfielders in Europe's top 5 leagues. What's remarkable is his carry numbers are also top 10% — he progresses the ball both on the ground and by carrying it. Most elite midfielders are strong in one or the other, not both.",analysis,True,synthetic
This is genuinely the most nervous I've been watching football since the last time this club was in a final. I can't sit still. I keep walking to the kitchen for no reason.,reaction,True,synthetic
I hate being a fan of this club. I say that while also knowing I will be back next week watching exactly the same thing happen and feeling exactly the same.,reaction,True,synthetic
"Goalkeepers' distribution has become a genuine tactical variable since high pressing became dominant. Alisson's average goal kick length in 2019–20 was 54m — shorter than the league average — because Liverpool wanted to play through the press rather than bypass it. That's a coordinated systemic choice, not a goalkeeper who can't kick long.",analysis,True,synthetic
Just got the notification. He signed. Officially signed. I stared at my phone for two full minutes before sending anything to the group chat. We actually did it.,reaction,True,synthetic
"Erling Haaland is the most one-dimensional elite striker since Peter Crouch. He scores goals, yes. But he can't hold up play, can't link with midfield, can't create for others. Against teams that defend deep, he's a passenger until someone puts the ball in behind.",hot_take,True,synthetic
"Neymar's injury record at PSG — 7 seasons, 5 with significant absences — is a structural risk management problem, not bad luck. His direct dribbling style generates 4.8 dribble attempts per 90, the highest of any attacker in Ligue 1. Contact frequency is proportional to injury risk. The playing style is essentially high-variance: high ceiling when fit, frequent non-availability.",analysis,True,synthetic
"Comparing Mbappe's Champions League record before and after age 22 to Ronaldo's at the same stage: Mbappe had 30 UCL goals in 57 appearances; Ronaldo had 11 in 52. The sample sizes aren't perfectly comparable given Mbappe had more games with PSG in the group stage, but the rate gap is significant and worth acknowledging.",analysis,True,synthetic
"His reaction when the goal went in — the run to the corner, the sliding celebration — shows he understands what this goal means to this club. New signing already gets it.",reaction,True,synthetic
How do you give that offside?? He was clearly level. His armpit was level. We're going to lose this match because of an armpit and I am furious.,reaction,True,synthetic
"People need to understand why the 4-2-3-1 fell out of fashion. The double pivot requires both 6s to be disciplined enough to cover when the 10 attacks. As presses got more intense, having a player in the 10 role who tracks back became a liability. Most teams moved to 4-3-3 or 4-4-2 shapes that don't require that defensive discipline from an attacking player.",analysis,True,synthetic
Atalanta's Champions League final appearance was the biggest overachievement in European football this decade and everyone acted like it was normal. They got hammered by Real Madrid like a team that had no business being there.,hot_take,True,synthetic
"Barcelona will never recover from the Messi era financially. The wage bill they built around him was structurally insane, and every decision since has been reactive crisis management. They're a medium-sized club now operating with the ego of a super-club.",hot_take,True,synthetic
"Verstappen-style stats aside, the actual reason De Bruyne controls games is his pass velocity. His average pass speed is 3.1m/s faster than the league average — that extra pace means defenders can't intercept in transition. It's not just vision, it's the speed of execution that makes his through-balls undefendable.",analysis,True,synthetic
"The way Bayern Munich's press broke down against City in their UCL fixtures last season is instructive. City's rotations between the CBs and Rodri drew Bayern's front 3 into false positions — the CBs would step in with the ball, the 10 would follow, and Rodri would drop behind the press to receive. By the time Bayern adjusted the line of pressure, City had 3v2 in midfield.",analysis,True,synthetic
Please someone explain to me how that cross didn't go out for a goal kick before he headed it. I've watched it 11 times. I still don't know.,reaction,True,synthetic
"Roberto Mancini's coaching career is built entirely on the Inter and City squads he inherited or recruited. His tactical output — the actual drawings, substitutions, and in-game adjustments — is unremarkable. The credit belongs to the scouts and the owners' money.",hot_take,True,synthetic
"Ronaldo's five Ballon d'Or awards are an embarrassment to the award's history. Three of them were in years when Messi was clearly better. The Ballon d'Or has always been a political vote, not a merit-based award.",hot_take,True,synthetic
"Juventus letting Pogba go was the worst transfer decision by a major club in the last decade. They could have kept him, chose not to, and he went on to win the league in England. Their rebuild has never recovered.",hot_take,True,synthetic
NO WAY. NO WAY THAT JUST HAPPENED. Last minute winner in the derby and I am losing my mind. This club man. This absolute club.,reaction,True,synthetic
The reason Atletico's defensive record under Simeone is so consistently elite isn't just the low block — it's the structured foul system. They commit calculated fouls 8–12 meters from their own box to break the rhythm of attacks. These fouls look cynical but statistically they reduce the probability of conceding from that position to near zero. It's deliberate and it works.,analysis,True,synthetic
DEBUT GOAL!! He just scored on his debut!! I have been waiting for this signing all summer and he delivered in his first 20 minutes. I am so happy right now.,reaction,True,synthetic
The way the crowd erupted when that goal went in was something I've never experienced even watching on TV. That was religious. The whole stadium just lost it.,reaction,True,synthetic
"The reason Arsenal's front three works so well against high defensive lines is the rotational pattern. Saka drifts inside, Martinelli holds the width to pin the fullback, and Trossard drops into the half-space to receive. The decoy run creates the space, the runner exploits it. They've generated 3.2 xG per game using this specific movement in their last five away fixtures.",analysis,True,synthetic
Extra time in the derby and I am pacing around my living room like a caged animal. My family have gone to bed. Just me and the TV and absolutely pure adrenaline.,reaction,True,synthetic
Modern goalkeepers are coddled to a degree that has killed the physical midfielder. The amount of protection goalkeepers get from referees now would have been laughable in the 1990s.,hot_take,True,synthetic
The reason xA (expected assists) is less reliable than xG for evaluating midfielders is the quality of the passing opportunity. A through-ball into space against a pulled-up defensive line looks like a 0.3 xG chance; a chest pass across the face of goal looks the same in the model. The model doesn't distinguish the passer's contribution from the receiver's.,analysis,True,synthetic
THE PENALTY MISS. AND THEN THE KEEPER COMING UP FOR THE CORNER AND NEARLY SCORING THE HEADER. I will be telling people about this match for the rest of my life.,reaction,True,synthetic
"The counterpress is most effective in the first 6 seconds after losing the ball. After that, opponents have reorganized and the pressing team is running into a set shape. Klopp's teams were legendary at the 6-second window — their recovery press data shows ~70% of their counter-pressing duels happened within 5 seconds of the turnover.",analysis,True,synthetic
"International breaks are a blight on modern football. Players travel thousands of miles, play pointless matches against weak opposition, return injured, and miss Premier League games. FIFA uses them to protect the revenue of national federations at the expense of club football quality.",hot_take,True,synthetic
"The reason clubs sell their best young players is almost never about money in isolation — it's about playing time. A 21-year-old who isn't starting regularly will deteriorate faster than one getting 90 minutes every week in a lower league. The development argument is frequently dismissed by fans who want to keep the player, but the data on late-developing players who left for game time supports it.",analysis,True,synthetic
"Football analytics departments are an enormous waste of money for the vast majority of clubs. Analytics work at scale — when you have 50 analysts and global scouting networks. For a Championship club, spending £2M on analytics when your squad needs two strikers is pure pretension.",hot_take,True,synthetic
The idea that players owe loyalty to a club is one of the most embarrassing myths in football. Clubs sell players the instant it makes financial sense. Players are employees. They owe nothing.,hot_take,True,synthetic
"The way English football fans worship the Premier League is cult-like and embarrassing. German football produces better players, Spanish football produces better tactical understanding, and Italian football has a richer cultural history. The PL is the best marketed, not the best.",hot_take,True,synthetic
"Trent Alexander-Arnold is a liability in every high-pressure match. His offensive numbers are good, but you can target him every time against a decent winger and Liverpool are consistently exposed. His stats flatter a fundamental defensive weakness.",hot_take,True,synthetic
"I've watched that replay fifteen times now. The first touch, the turn, the finish. I need someone to confirm this is real because I'm not certain it is.",reaction,True,synthetic
The reason Germany lost to Japan and Costa Rica at the 2022 World Cup is simple: their arrogance. They expected to win without changing anything about how they played and were tactically outfoxed by teams who prepared specifically to beat them.,hot_take,True,synthetic
"Germany's decline at major tournaments between 2018–2021 is almost entirely explained by one tactical failure: they abandoned the 4-2-3-1 shape they mastered without replacing it with a coherent alternative. Low was in transition between systems — sometimes 3-4-3, sometimes 4-3-3 — and the players didn't have the automatisms for any single shape. You don't lose talent in three years; you lose system clarity.",analysis,True,synthetic
"Chelsea's recruitment problem under their new ownership isn't just the number of signings — it's the median age. They signed too many players aged 19–22 who need 2–3 years to reach their peak. The squad is underperforming now not because the players are bad, but because a team of 20-year-olds will not be at their best for another 3 seasons.",analysis,True,synthetic
Half-time and we're down 1-0 but we've been the better team. Trying to stay calm. Trying. Not succeeding. Absolutely not succeeding.,reaction,True,synthetic
Liverpool's pressing under Slot operates differently from Klopp's gegenpressing. The triggers are more patient — they wait for the second pass rather than immediately pressing after a turnover. The result is fewer interceptions in the attacking third but more sustained pressure phases. It's a higher-IQ press but it generates less high-intensity sprints per game.,analysis,True,synthetic
"Pressing efficiency is better measured by PPDA (passes allowed per defensive action) than by raw press counts. City under Guardiola average a PPDA of 7–8 in their peak years. Liverpool under Klopp averaged 8–10. A PPDA below 8 means roughly one defensive action for every 7 opponent passes, which is elite intensity.",analysis,True,synthetic
"The reason 4-4-2 is making a comeback at clubs like Burnley and Brentford is the dominance of teams that play 4-3-3 at the elite level. A flat 4-4-2 creates a 4v3 overload in midfield against a single pivot — if you can win the second ball, you have numbers in the attack transition. It's not nostalgia; it's a rational counter-system to 4-3-3 dominance.",analysis,True,synthetic
He's 38 years old and he still moved like that and scored like that. Father Time looks at that player and just quietly walks away out of respect.,reaction,True,synthetic
"Haaland won't age well. His entire game is brute force physical dominance — pace and power. Once that fades at 28–29, he has no technical fallback. He'll drop off a cliff.",hot_take,True,synthetic
"The Premier League is overrated as the 'best league in the world.' La Liga and Bundesliga produce technically superior players and better tactical football — the Premier League wins on entertainment and pace, not quality.",hot_take,True,synthetic
"Most Premier League 'big six' clubs are living on historical reputation. Tottenham, Arsenal, and Chelsea haven't won the title in years. If they were newly promoted clubs with the same recent results, nobody would call them big clubs.",hot_take,True,synthetic
Pep Guardiola has never won the Champions League without the best squad in Europe at the time. His tactical reputation is inflated. He's failed to win it with squads that should have won it multiple times.,hot_take,True,synthetic
They just announced the transfer on the official account and I cannot breathe properly. This is the best day of my footballing life. We actually got him.,reaction,True,synthetic
Ronaldo's transfer to Al Nassr was the most embarrassing thing a generational player has done in the modern era. He chose money over legacy and now he's irrelevant at 39.,hot_take,True,synthetic
The reason England fail every tournament is the mental pressure of playing for England. The players are fine technically — they're Premier League starters. They shrink under the national team pressure in a way they simply don't with their clubs.,hot_take,True,synthetic
"The biggest factor in Real Madrid's UCL dominance over the past decade isn't tactical — it's squad management. Their rotation of Modric, Kroos, and Valverde across 50+ game seasons means their midfield is never physically depleted in the knockout rounds. Teams that play their best XI every game peak earlier in the season and decline in April and May.",analysis,True,synthetic
"Defensive line height correlates strongly with goals conceded from through balls. Arsenal's high line this season has conceded 11 goals from balls in behind — second highest in the top 6. The trade-off is an advanced defensive block that creates offside traps effectively, but when the trap fails the goalkeeper is exposed over 25+ yards.",analysis,True,synthetic
Mesut Ozil's Arsenal career is proof that a player can be both incredibly talented and professionally inadequate at the same time. He was technically gifted in a way few players are and used that talent as an excuse not to work defensively.,hot_take,True,synthetic
I've been refreshing the transfer news for six hours. It's been confirmed. I need to sit down. Actually cannot process that we've made this signing. Finally.,reaction,True,synthetic
Anthony Martial is the most monumental waste of talent the Premier League has ever seen. He had every physical and technical attribute to be a top-5 striker in Europe and threw it all away with attitude and work ethic.,hot_take,True,synthetic
"City's high press has visibly deteriorated since Rodri's injury. Their PPDA has gone from 9.2 to 14.6 over the last eight games — they're pressing without cover and it shows in the xGA numbers. Three consecutive away games conceding 3+, all against teams that bypassed the press with direct balls in behind.",analysis,True,synthetic
They announced the stadium capacity is sold out for the first time in 8 years. And we won. And now I'm crying in my car in the car park and it's fine.,reaction,True,synthetic
"The reason Spain dominated possession in the Euros wasn't just technique — it was the shape. They played with a 4-3-3 that compressed into a 4-5-1 without the ball, cutting off central passing lanes. Opponents had to go wide and then Spain's defensive line squeezed hard. The average pass the opponent made was 0.3m shorter than their season average.",analysis,True,synthetic
"The 2022 World Cup was a farce. Holding it in Qatar in November was an insult to the sport, the fans who love it, and the workers who built the stadiums under horrific conditions. FIFA is genuinely corrupt and the sport suffers for it.",hot_take,True,synthetic
"Thiago Alcantara's injury struggles at Liverpool masked how completely he changed their build-up. With Thiago, their average pass completion in the defensive third jumped 4 percentage points because he could receive under pressure and turn. Without him, they relied on Fabinho's simpler recycling. His injury record cost them more than a player — it cost them an entire build-up system.",analysis,True,synthetic
Five minutes added time. We're level. Corner to us. Deep into added time. And then the net ripples and the stadium erupts and I am on my feet screaming at a TV in my bedroom.,reaction,True,synthetic
"The reason Italy won the Euros in 2021 is Roberto Mancini is one of the most overconfident coaching appointments in history. They got lucky in draws, had a light path to the final, and won on penalties. Their actual play was functional at best.",hot_take,True,synthetic
That challenge was so late the defender was basically in next week. How is he still on the pitch. I am asking sincerely. How.,reaction,True,synthetic
"Neymar never fulfilled his potential because he prioritized marketing, personal brand, and social media over football. He'll be remembered as the player who wasted the most talent in a generation.",hot_take,True,synthetic
"Paused the match to go to the bathroom. Came back, the score was the same. Unpaused it. Immediate goal. Football hates me personally and I have accepted this.",reaction,True,synthetic
"Dani Carvajal's attacking output is frequently understated in tactical discussions because fullback metrics focus on progressive carries. But his diagonal deliveries from wide positions — crosses from the right half-space into the penalty area — generate 0.12 xA per 90, which is in the top 5% of right backs in Europe. The output is there; it just comes from crosses not carries.",analysis,True,synthetic
Penalty shootout and I genuinely can't watch. Texting the score to myself from another room like that helps. It doesn't. We're through though. WE ARE THROUGH.,reaction,True,synthetic
Three substitutions at once and all three immediately involved in the winning goal five minutes later. That is elite substitution timing and I will die on this hill.,reaction,True,synthetic
"Atletico's PPDA under Simeone averages 17–20, which is among the highest (worst) pressing intensity in the top leagues. That's by design. A low block that conserves energy and presses hard only in specific trigger zones — near their own penalty area — is a different philosophy from high pressing. Criticizing Atletico for not pressing is measuring them against the wrong tactical benchmark.",analysis,True,synthetic
THAT VOLLEY FROM OUTSIDE THE BOX. I have replayed it seven times and I still can't process how that went in. GOAL OF THE SEASON. No debate.,reaction,True,synthetic
"Tottenham's inability to win trophies under Daniel Levy is entirely the fault of ownership prioritizing profit over winning. Every decision made at the club since 2008 has been commercially motivated, and the fans have suffered for it.",hot_take,True,synthetic
Phil Foden is a genuinely elite player but he will never reach the heights many predict because he lacks the physical aggression to dominate when technical play is shut down. He's elite in a system that frees him up. Tie him up tactically and he disappears.,hot_take,True,synthetic
HAALAND WITH HIS HAT TRICK IN 12 MINUTES. This man is not human. He is some kind of football robot sent from the future to end all discussion.,reaction,True,synthetic
"The Euros tactical shift over the past 10 years: in 2012, 8 of 16 QF teams played 4-2-3-1. In 2024, only 2 did. The dominant shape is now 4-3-3 with one of the 3 midfielders acting as a half-pivot. The game has moved from positional holding midfielders to progressive box-to-box players who can carry the ball.",analysis,True,synthetic
"Bellingham's goal contribution rate at Real Madrid is exceptional, but context matters: he's playing in a team that creates more big chances than any other club in Europe, with Vinicius and Rodrygo dragging two defenders each. Strip away the team context and you're left with a very good box-to-box midfielder with an exceptional work rate — not a generational talent on his own metrics.",analysis,True,synthetic
Just saw the replay properly. He had no right to score from that position. Nowhere near it. But it went in and we won and I'm not asking questions.,reaction,True,synthetic
I thought we were going out. We were down 2-0 with 20 minutes to go in the tie. Then that happened. I still don't fully believe it.,reaction,True,synthetic
"The way fans worship managers as tactical geniuses is delusional. Most elite managers are talented man-managers and recruiters, not tactical visionaries. Klopp, Guardiola — they have talented analysts behind them. The 'one genius' myth is nonsense.",hot_take,True,synthetic
The development of the double pivot from a defensive two-man midfield into an attacking platform is one of the most underanalyzed tactical evolutions. Busquets + Xavi were a defensive pivot. Kroos + Modric were an attacking pivot. The position description is identical; the role is opposite. Modern double pivots need both — defensive screening and progressive passing — which is why the role is so hard to fill.,analysis,True,synthetic
Pep Guardiola's free kicks and corner routines are overhyped. City's set piece output is actually below average for a top Premier League club. The tactical genius narrative doesn't hold up when you look at their set piece conversion data.,hot_take,True,synthetic
"Jurgen Klopp deserves enormous credit for his time at Liverpool but his legacy is built on one exceptional squad that peaked in 2019–2020. The decline in his final two seasons suggests he'd taken the team as far as he could, not that it was the right time to leave.",hot_take,True,synthetic
"Wijnaldum's stats at Liverpool vs. PSG illustrate something important about system dependency. Same player, similar stats superficially, but his progressive run frequency dropped 28% at PSG. Liverpool's system created space for him with pressing and vertical play; PSG asked him to hold position. His value was system-dependent, which is a reasonable thing for analysts to flag.",analysis,True,synthetic
Serie A was genuinely the best league in the world from 1985 to 2000 and modern football fans who only know the Premier League era have an embarrassingly narrow view of the sport's history.,hot_take,True,synthetic
Zlatan Ibrahimovic is the most overrated player in Swedish history. His numbers at PSG and LA Galaxy don't match the legend. He's a myth built on incredible individual moments and a loud personality.,hot_take,True,synthetic
"Dembele at PSG outperforms Mbappe on one crucial metric: touches in the penalty area per 90 (Dembele: 3.8, Mbappe: 2.9). Dembele's willingness to arrive at the back post, cut inside, and end up in the 6-yard box means PSG's attack has two genuine box threats rather than one. This is why PSG's goal distribution has become more balanced.",analysis,True,synthetic
VAR checking that for 4 minutes and then giving it?? I'm done. I am physically done watching this sport. My blood pressure cannot take it.,reaction,True,synthetic
Liverpool's 2018-19 UCL win was the luckiest in modern history. They were outplayed by Barcelona over two legs and only progressed because of one extraordinary comeback. They didn't deserve the trophy on merit.,hot_take,True,synthetic
"Virgil van Dijk's Ballon d'Or campaign in 2019 was built on Liverpool fans voting in enormous numbers, not genuine peer recognition. He was excellent but not the best player in the world that year. The voters knew it.",hot_take,True,synthetic
"The idea that the World Cup is the most important competition in football is outdated. For top players, the Champions League is harder, involves better opponents, and has more meaningful matches. International football is a sentimental distraction from club football.",hot_take,True,synthetic
COME ON. COME ONNNN. We needed that goal more than anything and we got it. I am jumping around my apartment screaming. Unbelievable scenes.,reaction,True,synthetic
MY HEART. I am not okay. Stoppage time winner to stay in the Champions League. I am going to be absolutely useless at work tomorrow.,reaction,True,synthetic
"The way Liverpool set up against low blocks has changed under Slot. Under Klopp, the wide forwards would cut inside and shoot from distance to force the block to react. Slot uses the wide forwards more as passers in combination — more triangles, fewer isolation dribbles. The result is lower xG per shot but higher shot volume, net neutral on expected goals.",analysis,True,synthetic
Manchester United will not win the Premier League again in the next 10 years regardless of who owns them or who manages them. The club culture is broken at a structural level that no manager or transfer window can fix.,hot_take,True,synthetic
Watching this ref tonight is making me question if I've ever actually understood the rules of football. How is that not a penalty. HOW.,reaction,True,synthetic
"Frank Lampard will never be a good manager. Some players just aren't cut out for the tactical side of management, and constantly giving him high-profile jobs based on his playing career is harming clubs.",hot_take,True,synthetic
That's the seventh game in a row without a goal. I need someone to tell me it's going to be okay. Please. Someone. Anything.,reaction,True,synthetic
"The reason Pep Guardiola's teams rarely dominate expected goals margin against well-organized defenses is structural: against a low block, the possession-heavy approach generates many low-xG shots from outside the box. Real dominance requires a striker who can occupy the central zone and convert from tight angles — which is why Haaland transformed City's UCL performance specifically.",analysis,True,synthetic
"Luka Modric is the most overrated Ballon d'Or winner in history. His 2018 award was a sentimental reaction to Messi and Ronaldo fatigue, not an honest assessment of the best player that year.",hot_take,True,synthetic
Arsene Wenger stayed 10 years too long at Arsenal. His last decade was pure reputation management and stubbornness. He took a club that could have built on a Champions League final and turned them into top-4-or-nothing mediocrity.,hot_take,True,synthetic
Chelsea's ownership model will eventually destroy the club. Spending £500M+ every transfer window without a football philosophy creates a bloated squad with no identity. They'll be mid-table within five years.,hot_take,True,synthetic
Fulltime. I need to process that. I need to sit quietly and process what just happened. We won the league. WE ACTUALLY WON THE LEAGUE.,reaction,True,synthetic
Cristiano Ronaldo was never as good as Messi and the fact that we debated it for 15 years is one of football's biggest collective delusions.,hot_take,True,synthetic
"Comparing Pedri to Iniesta at the same age is valid on one dimension: ball retention under pressure. Pedri's dispossession rate per 90 (0.8) is actually lower than Iniesta's at 21 (1.1). However, Iniesta at 21 was already a stronger defensive presence — his interceptions and tackles per 90 were significantly higher. Different player profiles at the same club.",analysis,True,synthetic
That cross from deep and the perfect first-time volley — it's the kind of goal that makes you remember why you started watching football in the first place.,reaction,True,synthetic
The Ballon d'Or should be abolished. It's meaningless now — a marketing event for France Football with geopolitical and reputational biases baked in. It has never been an honest assessment of the best player and everyone knows it.,hot_take,True,synthetic
"The positional revolution of modern fullbacks can be traced directly to Lahm's movement at Bayern under Guardiola. By inverting into central midfield, Lahm freed Alaba to push high and wide. That created an asymmetric shape — wide right, central left, or vice versa — that opponents hadn't schemed against. Every top club now uses a variation of this.",analysis,True,synthetic
The way he dribbled through five players and then put it in the top corner with his weaker foot. I screamed so loud I woke up my flatmate. Absolutely worth it.,reaction,True,synthetic
Harry Kane is a great striker but he will never be remembered among the absolute greats because he spent his best years at Tottenham winning nothing. Personal stats mean nothing without trophies at the highest level.,hot_take,True,synthetic
"Guardiola's use of false nines is historically linked to one very specific condition: a fullback pair fast enough to invert and occupy the channels. When he played it at Barcelona with Alves and Maxwell, and later with Cancelo, the false nine freed up the wingers because the fullbacks created the width. Without that fullback profile, the system loses its overload mechanism.",analysis,True,synthetic
Paul Pogba had every talent but no mentality. He's the definitive proof that ability without the right mental character gets you nowhere. A career of flashes of brilliance surrounded by consistent mediocrity.,hot_take,True,synthetic
"One thing analytics captures poorly is positional discipline in transition. A midfielder who tracks back to their zone in 3 seconds vs. one who takes 6 seconds looks identical in any possession stat — but that 3-second difference is the gap between a counter-attack happening or not. The best defensive midfielders in the world are defined by their transition discipline, which is unmeasured.",analysis,True,synthetic
I turned the TV off when we were 3-0 down. Then I saw the final score notification on my phone. I sat with that for a long time. Never turning off a match again.,reaction,True,synthetic
"Kylian Mbappe's transfer to Real Madrid is going to end in disappointment for him. Real Madrid's history with star signings not winning the UCL as expected should worry everyone — Bale, James Rodriguez, even Benzema had long trophy-less spells.",hot_take,True,synthetic
African football will never be consistently dominant at World Cups because European clubs prioritize fitness and tactics over the technical development of African players from a young age. The talent is there. The system eats it.,hot_take,True,synthetic
"Someone explain to me why I do this to myself. Watching a match I have no business caring this much about, sweating, anxious, completely invested. Football is a disease.",reaction,True,synthetic
We've just gone top of the table. TOP OF THE TABLE. In December. With 20 games left. I'm not saying anything. I'm just going to quietly lose my mind.,reaction,True,synthetic
Final whistle in the derby and we've won away from home in the derby for the first time in 11 years. This night will go down in history for this club.,reaction,True,synthetic
I bought a ticket for this match six months ago and I have never been so happy about a financial decision in my life. That was a once-in-a-generation performance.,reaction,True,synthetic
"HE SCORED FROM THAT ANGLE?? BELLINGHAM IS ACTUALLY INSANE. I have no words. Best player on the planet right now, no contest.",reaction,True,synthetic
Just witnessed a 5-4 thriller and I feel like I need a lie down and a medical examination. Both teams played like defending is optional. Chaos.,reaction,True,synthetic
The England national team is fundamentally limited because English football culture doesn't produce technically gifted midfielders. It produces physical athletes. That will never change no matter how many foreign coaches they hire.,hot_take,True,synthetic
"Modern strikers are worse than the 1990s generation because the pressing game has eliminated the 9 who can receive with back to goal and hold up play. Shearer, Van Nistelrooy, Bierhoff — these players don't exist anymore because the system doesn't develop them.",hot_take,True,synthetic
"England's tournament failures historically have one consistent structural cause: they've selected overlapping skill sets in midfield. Lampard + Gerrard couldn't play together effectively. Rice + Bellingham is more compatible because they have genuinely different positional profiles — Rice screens, Bellingham attacks. But the lesson took 20 years to apply.",analysis,True,synthetic
The goalkeeper had one job. ONE JOB. And he somehow managed to drop it into his own net. I cannot stop laughing. This is genuinely surreal.,reaction,True,synthetic
"The Premier League's winter World Cup break has ruined the natural rhythm of the season and it's obvious. The winter period was what separated English football from the rest of Europe — the weather, the grind, the mud. Sanitizing it was a mistake.",hot_take,True,synthetic
That free kick. That absolute free kick. I watched it live and I still went back to check it wasn't a fluke. It hit the top corner perfectly. Magnifico.,reaction,True,synthetic
The scoreline does not reflect the match. At all. We were better. We were clearly better. And yet. And yet. Football is the cruelest game ever invented by humans.,reaction,True,synthetic
Tracking data shows that Virgil van Dijk's positioning prevents roughly 2 shots per game just by his presence — defenders in his zone don't receive passes because the passing angles are closed off before the ball is even played. Blocking passes by positioning is unmeasured in conventional stats but is arguably the most valuable defensive skill at center back.,analysis,True,synthetic
"Son Heung-min's directness numbers — progressive carries per 90, dribbles completed, straight-line runs — have declined about 18% since 2022. He's more positional now, holding wider and playing link passes. It's a natural evolution for a player at his stage, not a decline, but it explains why he doesn't beat players one-on-one as often.",analysis,True,synthetic
"Cesc Fabregas as a deep-lying playmaker at Chelsea was analytically interesting: his press-resistance rate — the percentage of passes retained under pressure — was 93%, the highest in the squad. But his defensive contribution was minimal. Conte used him specifically because he trusted Kante to handle the pressing, freeing Fabregas to be purely a passing platform.",analysis,True,synthetic
"The tactical explanation for England's poor corner record isn't coaching — it's height distribution. England's squad has fewer players over 6'1"" than almost any other major international side, and tall defenders cluster at the near post. England's corners are statistically executed toward the near post most often, which is exactly where tall defenders position. The design matches their weakness.",analysis,True,synthetic
"The 2010 Spain team is the most boring World Cup winner since Italy 2006. They had incredible players and chose to play the least entertaining version of football possible. No counter-attack threat, no directness, just possession.",hot_take,True,synthetic
"Jose Mourinho is a fraud tactically. He's built an entire career on defensive football, buying top players, and then taking credit when they win. His 'tactics' are just spending money and parking the bus.",hot_take,True,synthetic
Kylian Mbappe's pressing activity data is significantly below average for a forward at elite level. His pressing actions per 90 are roughly 40% lower than Firmino's during his peak. This isn't criticism — it's a coaching decision. His teams ask him to save energy for transitions. But it means his teams always concede field space when he's up front.,analysis,True,synthetic
Mario Balotelli is the biggest waste of talent in Premier League history. He had the physical profile to be the best striker in England and threw it away for absolutely nothing. Zero accountability.,hot_take,True,synthetic
"The idea that Spain's women's national team success excuses the culture issues exposed by the Rubiales scandal is insulting. Success on the pitch doesn't justify anything that happened off it, and the federation's response was disgraceful.",hot_take,True,synthetic
That header from the corner — the goalkeeper didn't even move. Just stood there watching it fly past him. I feel sorry for him honestly. What a delivery.,reaction,True,synthetic
"Last day of the season, final whistle, and we've stayed up on goal difference. I am crying actual tears at a football match result and I am not apologizing.",reaction,True,synthetic
"Mohamed Salah's decline narrative doesn't match the underlying data. His xG per 90 has been above 0.6 for five consecutive seasons, which is extraordinary consistency. What has changed is his dribble frequency — he takes on fewer players directly than in 2017–19. But his chance creation and finishing remain elite-level by any measure.",analysis,True,synthetic
He just waved goodbye to the away fans after being subbed off and I have something in my eye. Both eyes actually. Don't look at me.,reaction,True,synthetic
"THE KEEPER SAVED IT!! THE KEEPER SAVED IT!!! I dropped my phone, scared my cat, and am now sitting on the floor. Incredible. Absolutely incredible.",reaction,True,synthetic
VAR has completely ruined football. The joy of the immediate goal celebration is dead. The sport lost something irreplaceable and no marginal accuracy improvement is worth it.,hot_take,True,synthetic
"Athletic Club's philosophy of fielding only Basque players is a genuine competitive disadvantage quantified: their transfer market is ~3% of the total player pool. Their consistent performance in La Liga top half is therefore one of the more remarkable sustained achievements in European football, dependent entirely on youth development efficiency.",analysis,True,synthetic
I've been supporting this club for 22 years and I have never felt what I felt when that penalty went in. Some things in football you just can't explain.,reaction,True,synthetic
"The reason Chelsea have underperformed relative to their spend is structural, not personnel. They've had 8 different central defensive partnerships in 3 seasons. Defensive partnerships need 20–30 games together to build the communication patterns that prevent cheap goals. You can buy the best defenders individually and still have a poor defensive unit.",analysis,True,synthetic
"The reason set pieces account for nearly 30% of goals in the Premier League now is analytical. Teams hired set piece coaches — Tottenham, Brighton, Brentford specifically — and built routines targeting specific areas of the box based on their personnel. This is a direct application of data analysis to match preparation, and it's worked measurably.",analysis,True,synthetic
"The noise in that stadium right now is something else. I can feel it through my TV. Incredible occasion, incredible goal, incredible player.",reaction,True,synthetic
"Modern football is ruined by the obsession with data and analytics. Teams are coached to optimize expected goals rather than play creative, instinctive football, and the sport has become predictable and soulless.",hot_take,True,synthetic
"English clubs massively overpay for English players purely because of Premier League TV money, not because the players are actually better than equivalent Europeans at 60% of the cost.",hot_take,True,synthetic
That referee decision just killed the Champions League final. The worst call I have ever witnessed in a major match. Absolutely gutted. Speechless.,reaction,True,synthetic
"Lukaku's touch map shows something most people ignore: 73% of his touches are in or around the 18-yard box, which is a higher concentration than almost any other striker in Europe. He's not a build-up player and never was. Judging him on possession or link-up stats is measuring him against the wrong benchmark.",analysis,True,synthetic
"Juventus are the most boring successful club in European football. Even when they had Ronaldo, they played the most tedious, cautious football imaginable. Winning doesn't justify the style.",hot_take,True,synthetic
"The inverted winger role requires something most analyses miss: the ability to pass inside under pressure, not just carry. Robben was spectacular because he could both carry and play the through-ball in tight spaces. Many inverted wingers can do one or the other. The best ones — Salah in his peak, Arjen Robben, Neymar — can do both, which is what makes them undefendable.",analysis,True,synthetic
Ronaldinho was the greatest footballer I ever watched but his decision to join PSG instead of staying at Barcelona through their transition was unforgivable self-sabotage. He had three more elite years in him and wasted them.,hot_take,True,synthetic
"Steven Gerrard was a good club manager at Rangers. His subsequent appointments were driven by his playing reputation, not coaching evidence. He should never have been appointed Aston Villa manager based on one solid season in Scotland.",hot_take,True,synthetic
"Firmino's off-ball movement was quantifiably different from a normal striker. He made 12–14 third-man runs per game that opened channels for Mane and Salah rather than finishing them himself. His xA (expected assists) per 90 was among the top strikers in Europe during Liverpool's title run, despite not being the one receiving the credit.",analysis,True,synthetic
The reason early pressure goals — goals scored in the first 15 minutes — are disproportionately important in the data is not just the score effect. Pressing teams work hardest in the first 15 minutes before fatigue sets in. The first 15 is when the press is sharpest and the opponent's organization is most vulnerable. Teams that score early are exploiting the period of maximum press intensity.,analysis,True,synthetic
I am watching extra time of a match I started watching at 11pm on a Wednesday. I have work at 7am. I regret nothing. This match is too good to stop watching.,reaction,True,synthetic
Raheem Sterling was only considered world class because of his spell at one of the wealthiest clubs in the world. His performances for England and Chelsea prove what he actually is: a good squad player.,hot_take,True,synthetic
"Mesut Ozil was the perfect example of a luxury player who only worked in one specific system. Outside of Arsenal's and Germany's best teams, he was invisible. He's grossly overrated because of one World Cup.",hot_take,True,synthetic
"Possession statistics without context are meaningless. Spain holds 65% possession vs. a low block because the opponent parks the bus — that's not dominance, that's the opponent conceding the ball intentionally. Real possession dominance is measured by how much possession you have against a pressing team, which is where tiki-taka gets genuinely tested.",analysis,True,synthetic
The FA Cup has become irrelevant to top clubs and should be abandoned. It makes sense historically but in a world of Champions League and Europa League football it's a distraction that nobody takes seriously.,hot_take,True,synthetic
Final score: 1-0. One goal. From a corner. Against a team that was meant to beat us by three. I am not calming down for at least 48 hours.,reaction,True,synthetic
When he lifted the trophy and looked directly into the camera with that smile — I've been a fan of his for a decade and that image made it all worth it.,reaction,True,synthetic
Bayern Munich haven't been a genuinely dominant European force since 2013. Everything since then has been Bundesliga dominance against weak competition followed by UCL exits to actually elite squads.,hot_take,True,synthetic
THE OFFSIDE TRAP WORKED. THE OFFSIDE TRAP ACTUALLY WORKED. I have been watching this team for years and it has never worked. This manager has changed everything.,reaction,True,synthetic
"Expected Goals is a better predictor of future league standing than actual goals, which is well-established now. But people still misuse it: xG models are trained on data from all clubs, so a team with a striker who overperforms xG consistently — like Haaland — isn't 'getting lucky,' they have a player whose shot quality the model can't fully capture.",analysis,True,synthetic
"Not only did we score, but it was THAT PLAYER who scored it, in THAT ground, against THAT club. Perfect footballing justice. The universe occasionally works.",reaction,True,synthetic
"The 2006 Italian team that won the World Cup was the most cynical, boring side to win a major tournament in the modern era. Calciopoli tainted their reputation before they even kicked a ball.",hot_take,True,synthetic
He's just scored against his former club. The celebration. THE CELEBRATION. He remembered every single one of them and made absolutely sure they knew it.,reaction,True,synthetic
"The difference between Barca's 2009–2011 possession and their 2021–2023 possession is the speed of combination play. In the early era, combinations around the opponent's box were completed in 2–3 touches. The recent era shows 3–4 touches for the same patterns, giving the defensive block time to reorganize. Slower combinations against a low block don't create the same openings.",analysis,True,synthetic
"People are sleeping on how good Salah has been this season positionally. He's drifting inside more than ever — his touches in the half-space are up 34% compared to last campaign. That's not an accident, it's a deliberate evolution to find pockets between the lines rather than just isolating the fullback.",analysis,True,synthetic
Guardiola is the most overrated manager in football history. Give any competent coach City's budget and squad and they'd win the same. The reverence for him is a media creation.,hot_take,True,synthetic
I have just been screaming at my television for the past 90 minutes. Neighbours definitely think I'm having some kind of episode. Worth it. What a game.,reaction,True,synthetic
"Marcus Rashford is another example of a player whose potential has been destroyed by fame, money, and poor decision-making at a young age. The player he was at 20 and the player he is at 26 are completely different people.",hot_take,True,synthetic
Defensive midfielders are best evaluated not by tackles and interceptions but by shadow coverage area — the zone they prevent opponents from receiving in just by being positioned there. Casemiro at Real Madrid covered the largest shadow zone of any defensive midfielder in UCL data between 2018–2022. His interception rate was moderate; his positioning deterrent was elite.,analysis,True,synthetic
"The obsession with building from the back has made football worse. When a goalkeeper tries to play a short pass and loses it in their own box, the fans celebrate 'brave football.' It's not brave, it's needlessly reckless.",hot_take,True,synthetic
The atmosphere in that stadium tonight was something else. It was bouncing from the opening whistle. This is what a proper football night looks like.,reaction,True,synthetic
Red card shown and the stadium erupted like they'd scored. The crowd completely changed. The energy was unreal. Even watching on TV I could feel it.,reaction,True,synthetic
Three nil down at half time. I turned it off. Then I turned it back on at 78 minutes. Then I watched us make it 3-3 in injury time. I have trust issues now.,reaction,True,synthetic
The goalkeeper's face when he realized he'd saved the penalty to win the shootout. That face. I'm keeping that image forever. Pure unfiltered joy.,reaction,True,synthetic
"Ronaldo's conversion rate in the Premier League was 0.27 goals per shot — better than Haaland's 0.26 in his first season. Both are exceptional. The difference is in the shot volume: Haaland takes 5.8 shots per 90, Ronaldo at his peak took 3.8. Haaland creates more attempts; Ronaldo was more selective but similarly efficient. Comparing them on goals alone misses the volume-efficiency trade-off.",analysis,True,synthetic
I cannot believe what I just watched. Arsenal 3-0 up with 10 minutes to go and we somehow found a way. The most Arsenal thing that has ever Arsenaled.,reaction,True,synthetic
He's been rubbish all season. Every match I've been frustrated with him. Tonight he scored twice and assisted one and I hate how much I love this sport for moments exactly like this.,reaction,True,synthetic
That tackle was absolutely filthy and deserved to be a red. The fact that the ref only gave yellow shows he didn't see it properly. Complete joke.,reaction,True,synthetic
Gary Lineker was an average international footballer given a legendary reputation by one World Cup tournament. His role at the BBC has been more culturally significant than his playing career.,hot_take,True,synthetic
"The most underrated tactical development in the past decade is the attacking center-back. Libero is a decades-old concept, but the data-driven version — CBs who carry the ball into midfield, track progressive run distance, and act as extra midfielders — emerged from Bayern's use of Boateng and later Laporte at City. It has now spread to every top club.",analysis,True,synthetic
"The pressing triggers in Klopp's Liverpool are often described as 'the goalkeeper receives the ball.' But looking at video frame-by-frame, the actual trigger is the opponent's center back planting their standing foot — approximately 0.4 seconds before they receive the pass. Liverpool's press initiates before the ball arrives, which is why opponents often can't play out under pressure.",analysis,True,synthetic
"The false 9 only works reliably at the highest level if the wingers can also finish. Messi in the false 9 role at Barca worked because Sanchez, Pedro, and Villa could all convert big chances. Messi drew defenders, they scored. Without that finishing quality from the wide positions, opponents can simply let the false 9 have the ball in a harmless position and block the channels.",analysis,True,synthetic
"Low blocks only work if you can play out of them on the counter. The teams that successfully defend deep — Atletico under Simeone, Leicester in 2016 — did so with pacey forwards who could turn 10 yards of space into a goal. A low block without counter-attacking pace is just a slow defensive collapse.",analysis,True,synthetic
"Trent's defensive numbers this season are actually better than the narrative suggests. His dribbles conceded per game: 1.1. Average top 4 right back: 1.4. His positional reading has improved significantly; the issue is positioning for crosses, not the 1v1 defending everyone points to.",analysis,True,synthetic
Jack Grealish is a massive overperformer relative to what his contract suggests he's worth. He was exceptional at Aston Villa in the Championship but has never replicated that at City because he's simply not at that level.,hot_take,True,synthetic
Clean sheet AND three points away from home. I feel like a completely different person than I was two hours ago. Football is incredible.,reaction,True,synthetic
"Van Dijk is the most influential center-back in the Premier League by one specific metric: aerial duel win percentage in the opponent's box from set pieces. He wins 71% of aerial duels, and Liverpool score from roughly 1 in 4 corners — a direct correlation to his positioning and timing. That's what you lose when he's absent.",analysis,True,synthetic
Robbie Fowler was better than Michael Owen at his peak and the fact that Owen has the higher reputation is purely because of his 1998 World Cup goal and subsequent injury-free run in his early career. Fowler was more complete.,hot_take,True,synthetic
"That was the best half of football I've watched this season. Both teams pressing, both teams attacking, goals, chances, near misses. This is what the sport is supposed to look like.",reaction,True,synthetic
I am standing in my living room because I cannot sit down. He has scored four goals in one Champions League game. FOUR. Against one of the best teams in Europe.,reaction,True,synthetic
"The reason high pressing fell partially out of fashion in 2023–24 is injury load. Teams running >300 PPDA-adjusted pressing actions per game have a 23% higher injury rate in midfielders compared to lower-press teams. The physical cost is unsustainable over a 38-game season, especially for teams competing in Europe.",analysis,True,synthetic
When the ball hit the post and came back out I aged ten years in half a second. Then the rebound went in and I turned back into a child. Emotional whiplash.,reaction,True,synthetic
"Progressive passing distance is one of the better midfield metrics because it captures ambition and range, not just accuracy. Kevin De Bruyne averages 42m per progressive pass — meaning the passes he makes that advance the attack do so by an average of 42 meters. That's not just vision; it's the scale of his geographic impact on the game.",analysis,True,synthetic
"The reason Barcelona's tiki-taka worked under Pep and stopped working under subsequent managers is the intensity of the press that accompanied it. The possession was designed to exhaust opponents and recover the ball high. Later managers kept the possession but reduced the pressing intensity, which meant they gave the ball away in harmless positions and had to run back.",analysis,True,synthetic
"Tactical pressing periodization — deliberately reducing press intensity in the weeks leading up to major matches to preserve energy — is now standard practice at elite clubs. Klopp was criticized for poor form in March across multiple seasons; in retrospect, those were energy conservation phases before April Champions League legs. The data supports it.",analysis,True,synthetic
Mbappe is overrated. He's been carried by elite teams his entire career and has never been the decisive factor in a Champions League final. Name one finals where he was the reason they won. Can't.,hot_take,True,synthetic
I don't care how it happened. I don't care about the stats. I don't care about the possession. Three points. Away from home. That's all I needed.,reaction,True,synthetic
"The xG model undervalues headers from crosses into the six-yard box for tall strikers. Haaland's header goals come with an xG of around 0.3–0.4 on average, but he converts at nearly 0.7. The model assigns probability based on shot location, not on the specific physical attribute of the shooter. It's a known limitation, not a reflection of Haaland being 'lucky'.",analysis,True,synthetic
"The reason Brighton consistently punch above their weight in xG creation is their positional play philosophy. They don't rely on individual skill — they create overloads structurally. Their average attack involves 2.1 players arriving late into the box from midfield positions, compared to a Premier League average of 1.4. It's systems-level creation, not individual brilliance.",analysis,True,synthetic
He just came on as a substitute and scored within 90 seconds. The audacity. The confidence. The absolute footballing nerve. I love this player so much.,reaction,True,synthetic
